{
    "aggregate_performance_metrics": {
        "top_1_performance_metrics": {
            "exact_match": 0.14236902050113895,
            "edit_similarity": 0.15998797080949967,
            "token_precision": 0.16245254365983294,
            "token_recall": 0.1611617312072893,
            "token_f1": 0.16065553024550744
        },
        "top_5_performance_metrics": {
            "exact_match": 0.14236902050113895,
            "edit_similarity": 0.15998797080949967,
            "token_precision": 0.16245254365983294,
            "token_recall": 0.1611617312072893,
            "token_f1": 0.16065553024550744
        }
    }
}